{
    "Patient Age": {
        "label": "Patient Age",
        "label-def": [
            0,
            14,
            6.988876732,
            4.324620684
        ],
        "8": {
            "label-stdev": 4.324620684,
            "mrr-score": {
                "DS": 0.5719648552060809,
                "DS-Syn": 0.6137917653321012,
                "DS-Emb": 0.7223148387288004,
                "DS-Syn-Emb": 0.7389411047578683
            }
        },
        "10": {
            "label-stdev": 4.324620684,
            "mrr-score": {
                "DS": 0.5779326619379671,
                "DS-Syn": 0.6127363049580944,
                "DS-Emb": 0.7217166656399165,
                "DS-Syn-Emb": 0.7362044039413489
            }
        }
    }
}