{
    "smoking_status": {
        "label": "smoking_status",
        "label-def": [
            "never smoked",
            0.047397997
        ],
        "8": {
            "label-value": "never smoked",
            "label-ratio": 0.047397997,
            "f1-score": {
                "DS": 0.5662650602409639,
                "DS-Syn": 0.563894523326572,
                "DS-Emb": 0.5801047120418849,
                "DS-Syn-Emb": 0.5622406639004149
            }
        },
        "10": {
            "label-value": "never smoked",
            "label-ratio": 0.047397997,
            "f1-score": {
                "DS": 0.5625,
                "DS-Syn": 0.562992125984252,
                "DS-Emb": 0.5750487329434698,
                "DS-Syn-Emb": 0.5573440643863179
            }
        },
        "12": {
            "label-value": "never smoked",
            "label-ratio": 0.047397997,
            "f1-score": {
                "DS": 0.5654345654345654,
                "DS-Syn": 0.559841740850643,
                "DS-Emb": 0.5697786333012512,
                "DS-Syn-Emb": 0.562624254473161
            }
        },
        "15": {
            "label-value": "never smoked",
            "label-ratio": 0.047397997,
            "f1-score": {
                "DS": 0.5708661417322834,
                "DS-Syn": 0.5634095634095634,
                "DS-Emb": 0.5719806763285025,
                "DS-Syn-Emb": 0.5702970297029702
            }
        },
        "20": {
            "label-value": "never smoked",
            "label-ratio": 0.047397997,
            "f1-score": {
                "DS": 0.5699797160243407,
                "DS-Syn": 0.5661835748792271,
                "DS-Emb": 0.5744888023369036,
                "DS-Syn-Emb": 0.5600835945663531
            }
        },
        "25": {
            "label-value": "never smoked",
            "label-ratio": 0.047397997,
            "f1-score": {
                "DS": 0.5648241206030151,
                "DS-Syn": 0.5584826132771338,
                "DS-Emb": 0.5694980694980695,
                "DS-Syn-Emb": 0.5627450980392157
            }
        }
    },
    "work_type": {
        "label": "work_type",
        "label-def": [
            "Govt_job",
            0.127779135
        ],
        "8": {
            "label-value": "Govt_job",
            "label-ratio": 0.127779135,
            "f1-score": {
                "DS": 0.27522935779816515,
                "DS-Syn": 0.2745664739884393,
                "DS-Emb": 0.2989010989010989,
                "DS-Syn-Emb": 0.2804718217562254
            }
        },
        "10": {
            "label-value": "Govt_job",
            "label-ratio": 0.127779135,
            "f1-score": {
                "DS": 0.2760416666666667,
                "DS-Syn": 0.26544021024967146,
                "DS-Emb": 0.24324324324324326,
                "DS-Syn-Emb": 0.2747875354107649
            }
        },
        "12": {
            "label-value": "Govt_job",
            "label-ratio": 0.127779135,
            "f1-score": {
                "DS": 0.2664624808575804,
                "DS-Syn": 0.28451882845188287,
                "DS-Emb": 0.2727272727272727,
                "DS-Syn-Emb": 0.2781456953642384
            }
        },
        "15": {
            "label-value": "Govt_job",
            "label-ratio": 0.127779135,
            "f1-score": {
                "DS": 0.2616279069767442,
                "DS-Syn": 0.27440633245382584,
                "DS-Emb": 0.28501228501228504,
                "DS-Syn-Emb": 0.286144578313253
            }
        },
        "20": {
            "label-value": "Govt_job",
            "label-ratio": 0.127779135,
            "f1-score": {
                "DS": 0.2696078431372549,
                "DS-Syn": 0.2804718217562254,
                "DS-Emb": 0.26498422712933756,
                "DS-Syn-Emb": 0.2849462365591398
            }
        },
        "25": {
            "label-value": "Govt_job",
            "label-ratio": 0.127779135,
            "f1-score": {
                "DS": 0.2723926380368098,
                "DS-Syn": 0.2804718217562254,
                "DS-Emb": 0.2389937106918239,
                "DS-Syn-Emb": 0.2849740932642487
            }
        }
    },
    "heart_disease": {
        "label": "heart_disease",
        "label-def": [
            1,
            0.054238945
        ],
        "8": {
            "label-value": 1,
            "label-ratio": 0.054238945,
            "f1-score": {
                "DS": 0.1095890410958904,
                "DS-Syn": 0.29906542056074764,
                "DS-Emb": 0.24334600760456274,
                "DS-Syn-Emb": 0.297029702970297
            }
        },
        "10": {
            "label-value": 1,
            "label-ratio": 0.054238945,
            "f1-score": {
                "DS": 0.14705882352941177,
                "DS-Syn": 0.31746031746031744,
                "DS-Emb": 0.26291079812206575,
                "DS-Syn-Emb": 0.3548387096774194
            }
        },
        "12": {
            "label-value": 1,
            "label-ratio": 0.054238945,
            "f1-score": {
                "DS": 0.10909090909090909,
                "DS-Syn": 0.35668789808917195,
                "DS-Emb": 0.2413793103448276,
                "DS-Syn-Emb": 0.2
            }
        },
        "15": {
            "label-value": 1,
            "label-ratio": 0.054238945,
            "f1-score": {
                "DS": 0.12698412698412698,
                "DS-Syn": 0.3333333333333333,
                "DS-Emb": 0.2463768115942029,
                "DS-Syn-Emb": 0.38095238095238093
            }
        },
        "20": {
            "label-value": 1,
            "label-ratio": 0.054238945,
            "f1-score": {
                "DS": 0.09836065573770492,
                "DS-Syn": 0.3333333333333333,
                "DS-Emb": 0.2305084745762712,
                "DS-Syn-Emb": 0.38095238095238093
            }
        },
        "25": {
            "label-value": 1,
            "label-ratio": 0.054238945,
            "f1-score": {
                "DS": 0.09090909090909091,
                "DS-Syn": 0.3333333333333333,
                "DS-Emb": 0.23197492163009403,
                "DS-Syn-Emb": 0.38095238095238093
            }
        }
    },
    "hypertension": {
        "label": "hypertension",
        "label-def": [
            1,
            0.09675055
        ],
        "8": {
            "label-value": 1,
            "label-ratio": 0.09675055,
            "f1-score": {
                "DS": 0.2660098522167488,
                "DS-Syn": 0.30434782608695654,
                "DS-Emb": 0.28991596638655465,
                "DS-Syn-Emb": 0.2977346278317152
            }
        },
        "10": {
            "label-value": 1,
            "label-ratio": 0.09675055,
            "f1-score": {
                "DS": 0.2570093457943925,
                "DS-Syn": 0.30422535211267604,
                "DS-Emb": 0.27740492170022374,
                "DS-Syn-Emb": 0.3008356545961003
            }
        },
        "12": {
            "label-value": 1,
            "label-ratio": 0.09675055,
            "f1-score": {
                "DS": 0.2622107969151671,
                "DS-Syn": 0.3108108108108108,
                "DS-Emb": 0.27672955974842767,
                "DS-Syn-Emb": 0.3087248322147651
            }
        },
        "15": {
            "label-value": 1,
            "label-ratio": 0.09675055,
            "f1-score": {
                "DS": 0.27040816326530615,
                "DS-Syn": 0.3219178082191781,
                "DS-Emb": 0.2721649484536082,
                "DS-Syn-Emb": 0.3127035830618892
            }
        },
        "20": {
            "label-value": 1,
            "label-ratio": 0.09675055,
            "f1-score": {
                "DS": 0.2538860103626943,
                "DS-Syn": 0.2971887550200803,
                "DS-Emb": 0.2693156732891832,