{
    "histogram_tendency": {
        "label": "histogram_tendency",
        "label-def": [
            1,
            0.3989
        ],
        "8": {
            "label-value": 1,
            "label-ratio": 0.3989,
            "f1-score": {
                "DS": 0.8712121212121212,
                "DS-Syn": 0.8466666666666667,
                "DS-Emb": 0.8961424332344213,
                "DS-Syn-Emb": 0.8428571428571429
            }
        },
        "10": {
            "label-value": 1,
            "label-ratio": 0.3989,
            "f1-score": {
                "DS": 0.8897058823529411,
                "DS-Syn": 0.8333333333333334,
                "DS-Emb": 0.893491124260355,
                "DS-Syn-Emb": 0.8774193548387097
            }
        },
        "12": {
            "label-value": 1,
            "label-ratio": 0.3989,
            "f1-score": {
                "DS": 0.8773234200743495,
                "DS-Syn": 0.8454258675078864,
                "DS-Emb": 0.8895522388059701,
                "DS-Syn-Emb": 0.8409893992932862
            }
        },
        "15": {
            "label-value": 1,
            "label-ratio": 0.3989,
            "f1-score": {
                "DS": 0.8773234200743495,
                "DS-Syn": 0.8222996515679443,
                "DS-Emb": 0.8895522388059701,
                "DS-Syn-Emb": 0.8874172185430463
            }
        },
        "20": {
            "label-value": 1,
            "label-ratio": 0.3989,
            "f1-score": {
                "DS": 0.8773234200743495,
                "DS-Syn": 0.8222996515679443,
                "DS-Emb": 0.8895522388059701,
                "DS-Syn-Emb": 0.872852233676976
            }
        },
        "25": {
            "label-value": 1,
            "label-ratio": 0.3989,
            "f1-score": {
                "DS": 0.8773234200743495,
                "DS-Syn": 0.8222996515679443,
                "DS-Emb": 0.8895522388059701,
                "DS-Syn-Emb": 0.872852233676976
            }
        }
    },
    "histogram_number_of_zeroes": {
        "label": "histogram_number_of_zeroes",
        "label-def": [
            1,
            0.1752
        ],
        "8": {
            "label-value": 1,
            "label-ratio": 0.1752,
            "f1-score": {
                "DS": 0.4251968503937008,
                "DS-Syn": 0.3424657534246575,
                "DS-Emb": 0.5686274509803921,
                "DS-Syn-Emb": 0.5203252032520326
            }
        },
        "10": {
            "label-value": 1,
            "label-ratio": 0.1752,
            "f1-score": {
                "DS": 0.4810126582278481,
                "DS-Syn": 0.4117647058823529,
                "DS-Emb": 0.5052631578947369,
                "DS-Syn-Emb": 0.5283018867924528
            }
        },
        "12": {
            "label-value": 1,
            "label-ratio": 0.1752,
            "f1-score": {
                "DS": 0.43478260869565216,
                "DS-Syn": 0.29411764705882354,
                "DS-Emb": 0.5054945054945055,
                "DS-Syn-Emb": 0.48
            }
        },
        "15": {
            "label-value": 1,
            "label-ratio": 0.1752,
            "f1-score": {
                "DS": 0.40816326530612246,
                "DS-Syn": 0.34234234234234234,
                "DS-Emb": 0.543859649122807,
                "DS-Syn-Emb": 0.528
            }
        },
        "20": {
            "label-value": 1,
            "label-ratio": 0.1752,
            "f1-score": {
                "DS": 0.46875,
                "DS-Syn": 0.34234234234234234,
                "DS-Emb": 0.5631067961165048,
                "DS-Syn-Emb": 0.528
            }
        },
        "25": {
            "label-value": 1,
            "label-ratio": 0.1752,
            "f1-score": {
                "DS": 0.46875,
                "DS-Syn": 0.34234234234234234,
                "DS-Emb": 0.5765765765765766,
                "DS-Syn-Emb": 0.528
            }
        }
    },
    "histogram_number_of_peaks": {
        "label": "histogram_number_of_peaks",
        "label-def": [
            5,
            0.0987
        ],
        "8": {
            "label-value": 5,
            "label-ratio": 0.0987,
            "f1-score": {
                "DS": 0.22641509433962265,
                "DS-Syn": 0.16666666666666666,
                "DS-Emb": 0.2916666666666667,
                "DS-Syn-Emb": 0.3380281690140845
            }
        },
        "10": {
            "label-value": 5,
            "label-ratio": 0.0987,
            "f1-score": {
                "DS": 0.24,
                "DS-Syn": 0.25316455696202533,
                "DS-Emb": 0.2545454545454545,
                "DS-Syn-Emb": 0.2727272727272727
            }
        },
        "12": {
            "label-value": 5,
            "label-ratio": 0.0987,
            "f1-score": {
                "DS": 0.25925925925925924,
                "DS-Syn": 0.25,
                "DS-Emb": 0.29508196721311475,
                "DS-Syn-Emb": 0.3548387096774194
            }
        },
        "15": {
            "label-value": 5,
            "label-ratio": 0.0987,
            "f1-score": {
                "DS": 0.18867924528301888,
                "DS-Syn": 0.25,
                "DS-Emb": 0.3508771929824561,
                "DS-Syn-Emb": 0.2857142857142857
            }
        },
        "20": {
            "label-value": 5,
            "label-ratio": 0.0987,
            "f1-score": {
                "DS": 0.18867924528301888,
                "DS-Syn": 0.25,
                "DS-Emb": 0.3018867924528302,
                "DS-Syn-Emb": 0.2857142857142857
            }
        },
        "25": {
            "label-value": 5,
            "label-ratio": 0.0987,
            "f1-score": {
                "DS": 0.18867924528301888,
                "DS-Syn": 0.25,
                "DS-Emb": 0.3157894736842105,
                "DS-Syn-Emb": 0.2857142857142857
            }
        }
    },
    "baseline_value": {
        "label": "baseline_value",
        "label-def": [
            106,
            159,
            133.3936916,
            9.590769385
        ],
        "8": {
            "label-stdev": 9.590769385,
            "mrr-score": {
                "DS": 0.8548720393728421,
                "DS-Syn": 0.7058294408897531,
                "DS-Emb": 0.6649256220148729,
                "DS-Syn-Emb": 0.644857974394504
            }
        },
        "10": {
            "label-stdev": 9.590769385,
            "mrr-score": {
                "DS": 0.8585401783572834,
                "DS-Syn": 0.7006703612831124,
                "DS-Emb": 0.6163917080659327,
                "DS-Syn-Emb": 0.6058089924736803
            }
        },
        "12": {
            "label-stdev": 9.590769385,
            "mrr-score": {
                "DS": 0.852553207955502,
                "DS-Syn": 0.7003716977875158,
                "DS-Emb": 0.6140594469313271,
                "DS-Syn-Emb": 0.6058091100763485
            }
        },
        "15": {
            "label-stdev": 9.590769385,
            "mrr-score": {
                "DS": 0.8514125345896171,
                "DS-Syn": 0.7003250872739956,
                "DS-Emb": 0.6140323244713164,
                "DS-Syn-Emb": 0.6058217898943203
            }
        },
        "20": {
            "label-stdev": 9.590769385,
            "mrr-score": {
                "DS": 0.8514424928151482,
                "DS-Syn": 0.7003272935244687,
                "DS-Emb": 0.6140323244713164,
                "DS-Syn-Emb": 0.6058217898943203
            }
        },
        "25": {
            "label-stdev": 9.590769385,
            "mrr-score": {
                "DS": 0.8516362470939384,
                "DS-Syn": 0.7003272935244687,
                "DS-Emb": 0.6140323244713164,
                "DS-Syn-Emb": 0.6058217898943203
            }
        }
    },