{
    "F1": {
        "label": "F1",
        "label-def": [
            -3.498799,
            11.819916,
            0.000852444,
            0.991383801
        ],
        "8": {
            "label-stdev": 0.991383801,
            "mrr-score": {
                "DS": 0.9745069563022358,
                "DS-Syn": 0.99770824138772,
                "DS-Emb": 0.8769956010330866,
                "DS-Syn-Emb": 0.997700625636068
            }
        },
        "10": {
            "label-stdev": 0.991383801,
            "mrr-score": {
                "DS": 0.9780977469461106,
                "DS-Syn": 0.9979094954375496,
                "DS-Emb": 0.8756196581979862,
                "DS-Syn-Emb": 0.9978924616523964
            }
        },
        "12": {
            "label-stdev": 0.991383801,
            "mrr-score": {
                "DS": 0.9781496072579049,
                "DS-Syn": 0.998054272701899,
                "DS-Emb": 0.8742009444315892,
                "DS-Syn-Emb": 0.9980554753975074
            }
        },
        "15": {
            "label-stdev": 0.991383801,
            "mrr-score": {
                "DS": 0.9839418942218391,
                "DS-Syn": 0.9980573240212333,
                "DS-Emb": 0.8688935291279086,
                "DS-Syn-Emb": 0.9980506069920564
            }
        },
        "20": {
            "label-stdev": 0.991383801,
            "mrr-score": {
                "DS": 0.9920263305747444,
                "DS-Syn": 0.9980588843520495,
                "DS-Emb": 0.8658142387215748,
                "DS-Syn-Emb": 0.9980519525416657
            }
        },
        "25": {
            "label-stdev": 0.991383801,
            "mrr-score": {
                "DS": 0.9930034593210881,
                "DS-Syn": 0.9980588843520495,
                "DS-Emb": 0.8604224623875519,
                "DS-Syn-Emb": 0.9980519525416657
            }
        }
    },
    "F2": {
        "label": "F2",
        "label-def": [
            -2.426761,
            386,
            0.033610592,
            3.920680497
        ],
        "8": {
            "label-stdev": 3.920680497,
            "mrr-score": {
                "DS": 0.9907660709205826,
                "DS-Syn": 0.9976892841970205,
                "DS-Emb": 0.9492667241194888,
                "DS-Syn-Emb": 0.9976808393168501
            }
        },
        "10": {
            "label-stdev": 3.920680497,
            "mrr-score": {
                "DS": 0.9923097979254919,
                "DS-Syn": 0.9977277214043965,
                "DS-Emb": 0.949761665490733,
                "DS-Syn-Emb": 0.99769268858314
            }
        },
        "12": {
            "label-stdev": 3.920680497,
            "mrr-score": {
                "DS": 0.9929615750724098,
                "DS-Syn": 0.9978759107842783,
                "DS-Emb": 0.9504056572379438,
                "DS-Syn-Emb": 0.9978760597801889
            }
        },
        "15": {
            "label-stdev": 3.920680497,
            "mrr-score": {
                "DS": 0.995418354245934,
                "DS-Syn": 0.9979216153885531,
                "DS-Emb": 0.9495399501373196,
                "DS-Syn-Emb": 0.9979147470168126
            }
        },
        "20": {
            "label-stdev": 3.920680497,
            "mrr-score": {
                "DS": 0.9966883648404588,
                "DS-Syn": 0.9979253707923594,
                "DS-Emb": 0.9485177259047095,
                "DS-Syn-Emb": 0.997918046842299
            }
        },
        "25": {
            "label-stdev": 3.920680497,
            "mrr-score": {
                "DS": 0.9968210591219119,
                "DS-Syn": 0.9979253707923594,
                "DS-Emb": 0.9468801280217242,
                "DS-Syn-Emb": 0.997918046842299
            }
        }
    },
    "F3": {
        "label": "F3",
        "label-def": [
            -3.210528,
            50,
            -0.000525342,
            1.120148278
        ],
        "8": {
            "label-stdev": 1.120148278,
            "mrr-score": {
                "DS": 0.9598635564650781,
                "DS-Syn": 0.993802310270957,
                "DS-Emb": 0.8688042450022481,
                "DS-Syn-Emb": 0.9938044584147726
            }
        },
        "10": {
            "label-stdev": 1.120148278,
            "mrr-score": {
                "DS": 0.9762557926217298,
                "DS-Syn": 0.9936405005325875,
                "DS-Emb": 0.8687507184443481,
                "DS-Syn-Emb": 0.9938985378040204
            }
        },
        "12": {
            "label-stdev": 1.120148278,
            "mrr-score": {
                "DS": 0.9791377720703439,
                "DS-Syn": 0.9938139215378494,
                "DS-Emb": 0.869127335108256,
                "DS-Syn-Emb": 0.9939353869513194
            }
        },
        "15": {
            "label-stdev": 1.120148278,
            "mrr-score": {
                "DS": 0.9874611260415737,
                "DS-Syn": 0.9941669955589661,
                "DS-Emb": 0.869226472599618,
                "DS-Syn-Emb": 0.9944160039661771
            }
        },
        "20": {
            "label-stdev": 1.120148278,
            "mrr-score": {
                "DS": 0.9906118549532389,
                "DS-Syn": 0.9942663473276132,
                "DS-Emb": 0.8696976245356948,
                "DS-Syn-Emb": 0.9944228276050481
            }
        },
        "25": {
            "label-stdev": 1.120148278,
            "mrr-score": {
                "DS": 0.9913161872789822,
                "DS-Syn": 0.9942663473276132,
                "DS-Emb": 0.8601305949629983,
                "DS-Syn-Emb": 0.9944228276050481
            }
        }
    },
    "F4": {
        "label": "F4",
        "label-def": [
            -5.440122,
            3.987152,
            -0.002386668,
            1.008478223
        ],
        "8": {
            "label-stdev": 1.008478223,
            "mrr-score": {
                "DS": 0.8649571095536641,
                "DS-Syn": 0.8776515123393711,
                "DS-Emb": 0.6985951711936178,
                "DS-Syn-Emb": 0.8761502278337019
            }
        },
        "10": {
            "label-stdev": 1.008478223,
            "mrr-score": {
                "DS": 0.87067179230448,
                "DS-Syn": 0.8611303074154235,
                "DS-Emb": 0.6919364251847712,
                "DS-Syn-Emb": 0.8605206999696039
            }
        },
        "12": {
            "label-stdev": 1.008478223,
            "mrr-score": {
                "DS": 0.8599176819111286,
                "DS-Syn": 0.8682161185915095,
                "DS-Emb": 0.6847293651127494,
                "DS-Syn-Emb": 0.8681391335031877
            }
        },
        "15": {
            "label-stdev": 1.008478223,
            "mrr-score": {
                "DS": 0.8500727256935801,
                "DS-Syn": 0.8638359873795246,
                "DS-Emb": 0.6784259070377716,
                "DS-Syn-Emb": 0.863119063919617
            }
        },
        "20": {
            "label-stdev": 1.008478223,
            "mrr-score": {
                "DS": 0.8441914396514363,
                "DS-Syn": 0.8612305341899233,
                "DS-Emb": 0.6724488271140381,
                "DS-Syn-Emb": 0.8626686602907017
            }
        },
        "25": {
            "label-stdev": 1.008478223,
            "mrr-score": {
                "DS": 0.8452605359889481,
                "DS-Syn": 0.8612305341899233,
                "DS-Emb": 0.663739539599663,
                "DS-Syn-Emb": 0.8626686602907017
            }
        }
    },
    "F5": {
        "label": "F5",
        "label-def": [
            -4.922215,
            1.066121,
            0.006369532,
            0.99200576
        ],
        "8": {
            "label-stdev": 0.99200576,
            "mrr-score": {
                "DS": 0.9764516816297121,
                "DS-Syn": 0.9976162683117007,