{
    "datapath": "../datasets",
    "embdpath": "../embeddings",
    "datafolder": "kaggle-squintrook-forecasting-bankrupts-with-ann",
    "dataset": "5year",
    "drop-columns": [],
    "subject-column": "Company",
    "subject-type": "Company",
    "labels": [
        "LABEL"
    ],
    "target-label-values": [
        [
            1
        ]
    ],
    "privacy-labels": {
		"X1":[-10.083,87.459,0.0669089115515773,1.30455387625753],
		"X2":[-430.87,25.64,0.427454394608364,6.31330237511686],
		"X3":[-24.662,28.336,0.200245123119305,0.751247861987037],
		"X4":[-0.40311,6845.8,5.15413420046719,101.860566918639],
		"X5":[-1076400,1250100,33.2131141057206,24057.7772569975],
		"X6":[-69.02,543.25,0.283755155919481,11.068945030287],
		"X7":[-517.48,5.53,-0.0484216197033897,7.53752979756051],
		"X8":[-3.7351,6868.5,6.31049049639066,114.165905357694],
		"X9":[-3.496,65.607,1.57442330801777,1.59038140604619],
		"X10":[-24.64,339.85,0.535317610474979,4.99550824910441],
		"X11":[-19.131,6.388,0.0745577169491526,0.390528453186598],
		"X12":[-231.85,2470.3,1.21140842429391,39.3901320777854],
		"X13":[-212.48,25.469,-0.0200199368911479,3.86133556245815],
		"X14":[-517.48,5.53,-0.0484216197033897,7.53752979756051],
		"X15":[-466770,1341700,2648.87405461375,34267.3371099719],
		"X16":[-221.33,2837.4,1.29013185802207,41.576022799681],
		"X17":[-0.002321,6869.5,7.40621736326965,114.169241038508],
		"X18":[-517.48,5.53,-0.0484216197033897,7.53752979756051],
		"X19":[-213.76,25.342,-0.0697415172632918,3.91731984336469],
		"X20":[-29.34,9928.5,60.9611579698917,189.504452379411],
		"X21":[-135.15,7661.5,2.78070803188968,112.464661463597],
		"X22":[-19.279,15.541,0.0780080406409661,0.467086043222293],
		"X23":[-209.9,25.228,-0.0765030443307758,3.8818678940993],
		"X24":[-37.836,252.34,0.265429189494248,4.19414071560922],
		"X25":[-44.135,127.92,0.360240944067797,2.0999131539918],
		"X26":[-221.33,2689.1,1.18707545890847,39.4288613090041],
		"X27":[-158130,565940,530.137207605493,11434.9068949084],
		"X28":[-1089.7,21701,10.5886945517984,335.214058791352],
		"X29":[0.34733,9.6983,4.16143175449735,0.836207939653064],
		"X30":[-23.06,1236.7,0.910653797714774,21.1897970577507],
		"X31":[-213.76,25.342,-0.042417570218174,3.58339308447382],
		"X32":[-255.1,4277200,1643.1533556529,71408.5071531784],
		"X33":[-1.4334,7590.5,8.88906205976522,114.70621969074],
		"X34":[-6.089,7590.5,5.47685752859581,112.347464870508],
		"X35":[-14.148,15.541,0.0683385375292368,0.385704924458301],
		"X36":[0.000191,114.74,1.8869972131217,2.64453478923439],
		"X37":[-4.3258,67922,124.675438641196,1769.20210645936],
		"X38":[-24.64,467.77,0.648145304919423,6.83843890055712],
		"X39":[-47.047,2.9011,0.0139376836062089,0.789694800442979],
		"X40":[-9.0686,4303.2,2.34143421346644,64.1681051047219],
		"X41":[-269.99,5043.3,1.76348501119002,75.6276350686054],
		"X42":[-143.52,18.088,-0.034806568709378,2.76339781183731],
		"X43":[-3975.6,40515,162.408294041111,870.334044988114],
		"X44":[-3946.2,40515,104.12286509542,801.04190158801],
		"X45":[-3037.3,1526.5,1.65665174576271,66.1023479659447],
		"X46":[-9.049,6845.8,4.28370361613588,101.769130070019],
		"X47":[-18.658,185610,127.028828818687,2858.47955412578],
		"X48":[-20.721,15.541,0.00498999439775909,0.549320455938191],
		"X49":[-144.8,16.866,-0.0830262441860464,2.74652748479393],
		"X50":[-0.012175,6845.8,4.4804382615156,101.446872207638],
		"X51":[-0.18661,25.64,0.415012779099405,0.579737276076876],
		"X52":[-0.69764,498.33,0.671413393467122,10.5879655826413],
		"X53":[-1088.7,21702,9.53748127801722,325.265235850152],
		"X54":[-1088.7,21702,11.1977036110752,335.08864041371],
		"X55":[-1118500,4212200,11489.7832813521,87246.4717189644],
		"X56":[-46.788,1.651,0.0440074393519505,0.769417768680613],
		"X57":[-1236.3,87.981,-0.276937503552206,19.5773088566701],
		"X58":[-0.16439,47.788,0.963208540122805,0.943381597902357],
		"X59":[-184.98,308.15,0.607328890365448,8.0466075448586],
		"X60":[-12.44,10871,46.9562424629178,361.477048104574],
		"X61":[-0.092493,1266.8,10.5377423515692,33.7075830433095],
		"X62":[-236.53,451380,269.254797778557,6960.35064244314],
		"X63":[-1.5432,7641.3,9.51995960042461,115.058606066243],
		"X64":[-3.7265,158180,61.3630649017878,2348.40499162057]
    },
    "include-labels": false,
    "continuous-features": [
        "X1",
        "X2",
        "X3",
        "X4",
        "X5",
        "X6",
        "X7",
        "X8",
        "X9",
        "X10",
        "X11",
        "X12",
        "X13",
        "X14",
        "X15",
        "X16",
        "X17",
        "X18",
        "X19",
        "X20",
        "X21",
        "X22",
        "X23",
        "X24",
        "X25",
        "X26",
        "X27",
        "X28",
        "X29",
        "X30",
        "X31",
        "X32",
        "X33",
        "X34",
        "X35",
        "X36",
        "X37",
        "X38",
        "X39",
        "X40",
        "X41",
        "X42",
        "X43",
        "X44",
        "X45",
        "X46",
        "X47",
        "X48",
        "X49",
        "X50",
        "X51",
        "X52",
        "X53",
        "X54",
        "X55",
        "X56",
        "X57",
        "X58",
        "X59",
        "X60",
        "X61",
        "X62",
        "X63",
        "X64"
    ],
    "continuous-margin": 0.1,
    "types": {
        "X1": "X1",
        "X2": "X2",
        "X3": "X3",
        "X4": "X4",
        "X5": "X5",
        "X6": "X6",
        "X7": "X7",
        "X8": "X8",
        "X9": "X9",
        "X10": "X10",
        "X11": "X11",
        "X12": "X12",
        "X13": "X13",
        "X14": "X14",
        "X15": "X15",
        "X16": "X16",
        "X17": "X17",
        "X18": "X18",
        "X19": "X19",
        "X20": "X20",
        "X21": "X21",
        "X22": "X22",
        "X23": "X23",
        "X24": "X24",
        "X25": "X25",
        "X26": "X26",
        "X27": "X27",
        "X28": "X28",
        "X29": "X29",
        "X30": "X30",
        "X31": "X31",
        "X32": "X32",
        "X33": "X33",
        "X34": "X34",
        "X35": "X35",
        "X36": "X36",
        "X37": "X37",
        "X38": "X38",
        "X39": "X39",
        "X40": "X40",
        "X41": "X41",
        "X42": "X42",
        "X43": "X43",
        "X44": "X44",
        "X45": "X45",
        "X46": "X46",
        "X47": "X47",
        "X48": "X48",
        "X49": "X49",
        "X50": "X50",
        "X51": "X51",
        "X52": "X52",
        "X53": "X53",
        "X54": "X54",
        "X55": "X55",
        "X56": "X56",
        "X57": "X57",
        "X58": "X58",
        "X59": "X59",
        "X60": "X60",
        "X61": "X61",
        "X62": "X62",
        "X63": "X63",
        "X64": "X64",
        "LABEL": "LABEL"
    },
    "continuous-ranges": {
        "X1": [
            -519.0249,
            142.5939
        ],
        "X2": [
            -481.1986,
            122.74459999999999
        ],
        "X3": [
            -82.1073,
            38.3763
        ],
        "X4": [
            -685.0234210000001,
            7530.420311
        ],
        "X5": [
            -1309050.0,
            1482750.0
        ],
        "X6": [
            -564.604,
            643.9639999999999
        ],
        "X7": [
            -569.7810000000001,
            57.831
        ],
        "X8": [
            -690.95861,
            7555.72351
        ],
        "X9": [
            -10.4063,
            72.5173
        ],
        "X10": [
            -112.5734,
            380.97940000000006
        ],
        "X11": [
            -510.9178,
            53.4158
        ],
        "X12": [
            -502.06500000000005,
            2740.5150000000003
        ],
        "X13": [
            -575.394,
            2605.254
        ],
        "X14": [
            -569.7810000000001,
            57.831
        ],
        "X15": [
            -10729810.0,
            2439110.0
        ],
        "X16": [
            -527.203,
            3143.273
        ],